,id,posted_MH,posemo,anx,anger,sad,i,avg_posting_age,gender,active_days,activity
0,1,1,2.4825,0.31,0.9175,0.655,1.3599999999999999,45.72249589,1,4500,3.595354784
1,2,1,2.588,0.398,0.734,0.524,1.388,49.01027461,0,2700,0.149699313
2,3,0,2.6475,0.37,0.965,1.1025,0.8625,50.01027461,0,2700,0.149699313
3,4,0,2.32375,0.46375,0.5875,0.8875,0.99625,40.01027461,1,1700,0.23
